id,fullName,email,homeAddress,birthDate
0,Adi Bisley,abisley0@google.co.uk,5 Forest Run Parkway,20/06/2022
0,Marya Wildes,mwildes1@reuters.com,10631 Hanson Hill,29/10/2021
0,Markus McGuggy,mmcguggy2@smh.com.au,38919 Pond Circle,04/01/2022
0,Morganica Cheeney,mcheeney3@lycos.com,74967 Hollow Ridge Street,08/08/2021
0,Whit Itzak,witzak4@cdc.gov,42700 Longview Circle,09/10/2021
0,Anneliese Yarham,ayarham5@bigcartel.com,783 Hanson Road,11/12/2021
0,Orlando Pauluzzi,opauluzzi6@fda.gov,18 Luster Avenue,31/07/2021
0,Herschel Dabernott,hdabernott7@netscape.com,6103 Debs Park,11/02/2022
0,Kennett Trodden,ktrodden8@yahoo.com,76475 Maywood Plaza,08/10/2021
0,Kain Peele,kpeele9@desdev.cn,6142 Prentice Way,29/03/2022
0,Orion Shepherdson,oshepherdsona@friendfeed.com,42959 Green Ridge Street,11/02/2022
0,Wolfgang Waszczyk,wwaszczykb@mail.ru,36475 Glendale Trail,24/10/2021
0,Nolie Stuke,nstukec@bloglovin.com,1917 Waubesa Hill,19/02/2022
0,Marmaduke Rosenfelt,mrosenfeltd@hhs.gov,5282 Northfield Hill,29/10/2021
0,Elysha Wones,ewonese@shop-pro.jp,1 Comanche Hill,16/01/2022
0,Dian Cattermole,dcattermolef@nhs.uk,605 Daystar Circle,02/03/2022
0,Byron Jerrold,bjerroldg@friendfeed.com,45 Maryland Avenue,18/10/2021
0,West Brangan,wbranganh@utexas.edu,8 Pond Point,04/03/2022
0,Deck Duny,ddunyi@github.com,832 Atwood Hill,16/03/2022
0,Danya Braiden,dbraidenj@angelfire.com,08 Stuart Parkway,24/02/2022
0,Travis Paschke,tpaschkek@auda.org.au,0 Mayer Place,30/04/2022
0,Jayson Kingshott,jkingshottl@posterous.com,5925 Sheridan Way,28/05/2022
0,Vita McKeever,vmckeeverm@wired.com,58 Blue Bill Park Drive,21/01/2022
0,Katlin Malby,kmalbyn@wired.com,6 Fremont Crossing,13/12/2021
0,Gasper Bigby,gbigbyo@washingtonpost.com,2 Paget Center,31/07/2021
0,Peyton Mussen,pmussenp@php.net,4196 Pankratz Street,19/10/2021
0,Domini Dorrins,ddorrinsq@intel.com,320 Pleasure Circle,30/04/2022
0,Gene Matz,gmatzr@nih.gov,43985 Bartelt Crossing,03/03/2022
0,Marni Signoret,msignorets@cdc.gov,62 Upham Crossing,27/03/2022
0,Beverlie Lesek,blesekt@ifeng.com,10154 Holy Cross Lane,13/08/2021
0,Rozalie Livick,rlivicku@ameblo.jp,350 Browning Hill,22/10/2021
0,Lennard Georges,lgeorgesv@indiatimes.com,5 Onsgard Point,05/06/2022
0,Burnard Vouls,bvoulsw@fda.gov,9372 Harbort Trail,19/03/2022
0,Baudoin Tures,bturesx@unicef.org,1292 Grayhawk Junction,15/01/2022
0,Rafe Rolfs,rrolfsy@twitter.com,302 Mccormick Way,26/06/2022
0,Brucie Orr,borrz@fc2.com,8 Londonderry Drive,11/05/2022
0,Brody Siene,bsiene10@flavors.me,110 Grim Point,17/07/2022
0,Ambrosius Grelka,agrelka11@vimeo.com,14882 Westerfield Parkway,24/09/2021
0,Kirbee Bullus,kbullus12@netscape.com,9192 Homewood Way,17/04/2022
0,Ofelia Shoubridge,oshoubridge13@hao123.com,98258 Elka Junction,11/10/2021
0,Guss Lamar,glamar14@php.net,6 Maywood Avenue,25/07/2022
0,Roarke Karoly,rkaroly15@github.com,8759 7th Plaza,01/09/2021
0,Louie Witham,lwitham16@apple.com,234 Parkside Pass,16/05/2022
0,Henryetta Colombier,hcolombier17@tiny.cc,710 Valley Edge Avenue,29/01/2022
0,Shannah Rastrick,srastrick18@issuu.com,19984 Carberry Place,27/08/2021
0,Antons Heathcott,aheathcott19@alexa.com,23 Delladonna Way,12/01/2022
0,Emmalynne Forth,eforth1a@tiny.cc,567 Moland Street,21/03/2022
0,Baxter McGorley,bmcgorley1b@w3.org,7 Packers Junction,17/10/2021
0,Ingunna Denney,idenney1c@cbsnews.com,31536 Express Junction,03/11/2021
0,Booth Blumsom,bblumsom1d@oaic.gov.au,1 Scofield Hill,20/11/2021
0,Brett Tremonte,btremonte1e@umn.edu,6355 Sage Way,26/11/2021
0,Maurita Syme,msyme1f@state.gov,51680 Eliot Junction,01/10/2021
0,Patsy Stollenbecker,pstollenbecker1g@salon.com,1651 Fuller Place,05/02/2022
0,Wye Lowden,wlowden1h@mashable.com,35 8th Place,23/06/2022
0,Bev Januszewski,bjanuszewski1i@princeton.edu,42 Rowland Way,30/06/2022
0,Roxana Cocks,rcocks1j@printfriendly.com,2057 Schmedeman Crossing,25/08/2021
0,Shanie Exall,sexall1k@google.nl,07 Melody Court,28/01/2022
0,Jenine Kochel,jkochel1l@cyberchimps.com,64655 Springview Lane,09/03/2022
0,Brose Shelper,bshelper1m@fc2.com,38 Fordem Way,22/03/2022
0,Felice Imrie,fimrie1n@blogtalkradio.com,33 Del Mar Hill,24/03/2022
0,Simone Pimm,spimm1o@google.nl,9223 Cordelia Circle,22/05/2022
0,Dulsea Tander,dtander1p@clickbank.net,14184 Russell Pass,14/01/2022
0,Alfie MacKenny,amackenny1q@chron.com,83 Jackson Road,19/01/2022
0,Kincaid Pail,kpail1r@redcross.org,6527 Westridge Lane,16/04/2022
0,Anatola Butterwick,abutterwick1s@wunderground.com,6 Milwaukee Plaza,11/12/2021
0,Emelina Cornels,ecornels1t@admin.ch,3 Thompson Road,07/03/2022
0,Kevon Gerlack,kgerlack1u@nifty.com,75 Hoard Plaza,02/03/2022
0,Marlene Duce,mduce1v@vimeo.com,34738 Hollow Ridge Road,02/07/2022
0,Ted McRobb,tmcrobb1w@linkedin.com,9065 Truax Way,15/04/2022
0,Bondon Sindell,bsindell1x@nytimes.com,2 Bluejay Parkway,11/07/2022
0,Jorge Shingles,jshingles1y@apache.org,64033 Corscot Drive,30/04/2022
0,Dulci Liversage,dliversage1z@deviantart.com,550 Blue Bill Park Court,23/02/2022
0,Raimundo Jellico,rjellico20@hostgator.com,0 Dunning Place,01/02/2022
0,Haley Ravenscroft,hravenscroft21@sbwire.com,8553 Glacier Hill Terrace,09/07/2022
0,Vita Garrard,vgarrard22@acquirethisname.com,44 Talisman Parkway,16/03/2022
0,Thom Montilla,tmontilla23@amazon.com,1350 Spohn Hill,17/08/2021
0,Wini Berrycloth,wberrycloth24@gravatar.com,951 Sugar Avenue,28/03/2022
0,Alexandr Caustick,acaustick25@google.com,6626 Southridge Junction,05/06/2022
0,Samara Crust,scrust26@tuttocitta.it,697 Luster Lane,08/12/2021
0,Blayne Clow,bclow27@nature.com,90335 Vahlen Hill,30/06/2022
0,Nonnah Ivashinnikov,nivashinnikov28@blogspot.com,244 Spohn Avenue,07/01/2022
0,Deny Tant,dtant29@youku.com,88659 Utah Street,27/05/2022
0,Quillan Auten,qauten2a@marriott.com,57156 Emmet Pass,21/01/2022
0,Nels Huett,nhuett2b@angelfire.com,1 Summit Alley,15/07/2022
0,Monroe Brane,mbrane2c@sitemeter.com,67434 3rd Center,26/09/2021
0,Beatrisa Marten,bmarten2d@vistaprint.com,175 Badeau Road,10/12/2021
0,Alfie Rippingale,arippingale2e@japanpost.jp,39567 Rockefeller Drive,05/07/2022
0,Anderea Arnaudot,aarnaudot2f@github.com,9 Packers Alley,25/07/2022
0,Annemarie Briscoe,abriscoe2g@narod.ru,44 Corben Avenue,19/11/2021
0,Meryl Teasell,mteasell2h@bandcamp.com,5540 Fisk Point,23/11/2021
0,Silas Tarbett,starbett2i@vimeo.com,36 Schiller Plaza,02/12/2021
0,Amaleta Tinker,atinker2j@typepad.com,6 Ridge Oak Crossing,29/11/2021
0,Roseanne Delgardillo,rdelgardillo2k@etsy.com,332 Granby Circle,09/10/2021
0,Bobby Gleeton,bgleeton2l@jiathis.com,81 Novick Circle,16/12/2021
0,Winne Reede,wreede2m@wordpress.org,2075 5th Lane,20/07/2022
0,Willis Wayland,wwayland2n@nsw.gov.au,28 Spenser Circle,17/04/2022
0,Ardelle Domniney,adomniney2o@ask.com,66 Bartillon Plaza,09/02/2022
0,Bernardine Friese,bfriese2p@businessinsider.com,0861 Grayhawk Parkway,09/02/2022
0,Josy Greensted,jgreensted2q@cocolog-nifty.com,96766 Mcguire Alley,12/10/2021
0,Arney Given,agiven2r@pagesperso-orange.fr,10 Killdeer Way,05/02/2022